Title,Subreddit,Score,URL,Created
Question about Truhearing HAs,HearingAids,2,https://www.reddit.com/r/HearingAids/comments/1iuiqn1/question_about_truhearing_has/,1740113094.0
Are there any competitors to the Airpod Pro 2 with FDA approved OR effective hearing aid features,HearingAids,0,https://www.reddit.com/r/HearingAids/comments/1immob6/are_there_any_competitors_to_the_airpod_pro_2/,1739236423.0
Best Modeling/Talent agency in the Bay Area,bayarea,0,https://www.reddit.com/r/bayarea/comments/1i1m32b/best_modelingtalent_agency_in_the_bay_area/,1736904178.0
Lennie Tristano - Requiem,Jazz,12,https://www.reddit.com/r/Jazz/comments/1hxwioe/lennie_tristano_requiem/,1736483912.0
Looking for a good piano light that doesn't break the bank,piano,1,https://www.reddit.com/r/piano/comments/1hsuu0a/looking_for_a_good_piano_light_that_doesnt_break/,1735932754.0
Seeking feedback on my audiogram,HearingAids,1,https://www.reddit.com/r/HearingAids/comments/1hnwi06/seeking_feedback_on_my_audiogram/,1735355602.0
Honda repair in West Oakland?,oakland,3,https://www.reddit.com/r/oakland/comments/1gydkaf/honda_repair_in_west_oakland/,1732406162.0
Can't turn off automatic updates on M2 Macbook Pro,mac,1,https://www.reddit.com/r/mac/comments/1gn1p6t/cant_turn_off_automatic_updates_on_m2_macbook_pro/,1731125242.0
Question about Palermo bus station,sicily,4,https://www.reddit.com/r/sicily/comments/1g0djsa/question_about_palermo_bus_station/,1728546194.0
Mayor Sheng Thao issues Exactive Order on Homelessness,OaklandCA,54,https://www.reddit.com/r/OaklandCA/comments/1fntmmz/mayor_sheng_thao_issues_exactive_order_on/,1727121059.0
Can't upload photos from 2009 Macbook Pro tp iCloud,mac,1,https://www.reddit.com/r/mac/comments/1flum0c/cant_upload_photos_from_2009_macbook_pro_tp_icloud/,1726891500.0
Availability of Paxlovid in Sicily,sicily,1,https://www.reddit.com/r/sicily/comments/1fbl489/availability_of_paxlovid_in_sicily/,1725754458.0
La Mattanza: Traditional Tuna Fishing in Sicily,Damnthatsinteresting,1,https://www.wondersofsicily.com/sicily-tuna-fishing.htm,1722554161.0
Count Basie & Helen Humes - I Cried for You,Jazz,7,https://www.youtube.com/watch?v=psP_6qn360o,1721425363.0
New Macbook pro won't read Macmail from old Macbook pro SATA drive,mac,1,https://www.reddit.com/r/mac/comments/1e5482a/new_macbook_pro_wont_read_macmail_from_old/,1721175278.0
Anyone have any experience in Cattolica Eraclea,sicily,2,https://www.reddit.com/r/sicily/comments/1e1zqwe/anyone_have_any_experience_in_cattolica_eraclea/,1720838547.0
Could Biden declare Trump a Danger to Democracy if Trump Wins the Election and Refuse to Hand Over the Reins of Government?,AskQuestion,4,https://www.reddit.com/r/AskQuestion/comments/1e1w2qs/could_biden_declare_trump_a_danger_to_democracy/,1720827504.0
Mask clips for n95 or KN 95,Masks4All,3,https://www.reddit.com/r/Masks4All/comments/1e1m8ot/mask_clips_for_n95_or_kn_95/,1720802457.0
Congress’ despondent Biden rebels see their revolt crumbling: “It’s over”,politics,1,https://www.axios.com/2024/07/09/biden-house-democrats-withdraw-nominee,1720545581.0
Prepare for a 2024 ‘Mini Trial’ in Trump’s D.C. Prosecution,politics,58,https://www.lawfaremedia.org/article/prepare-for-a-2024--mini-trial--in-trump-s-d.c.-prosecution,1720467311.0
